{
    "mesh_name": "tmpgzsfwnjq",
    "timestamp": "2025-07-25_10-19-54",
    "simplification_level": null,
    "analysis": {
        "vertices": 9866,
        "triangles": 17362,
        "surface_area": 0.05704338327898743,
        "volume": null,
        "convex_hull_volume": 0.0012484047957750865,
        "watertight": false,
        "bounding_box": {
            "min_bound": [
                -0.09467545,
                0.0329874,
                -0.0618736
            ],
            "max_bound": [
                0.06099435,
                0.1872865,
                0.0587955
            ]
        },
        "average_edge_length": 0.0030030203674531034,
        "average_triangle_aspect_ratio": 5.185202747001399,
        "non_manifold_edge_count": 0,
        "average_curvature": 0.0029473847522981447,
        "max_curvature": 0.006288881302392379,
        "min_curvature": 0.0012717578767857856,
        "euler_characteristic": 1110,
        "genus_estimate": null,
        "connected_components": 1,
        "sharp_edge_count": 1031
    }
}